accuracy,loss
0.676954984664917,0.5733273029327393
0.7677199244499207,0.47589752078056335
0.7643040418624878,0.46674731373786926
0.773941695690155,0.4593666195869446
0.7794315218925476,0.45329058170318604
